C1,C2,C3,C4,P1,P2,P3,P4,T1,T2,T3,T4,L1,L2,L3
VH,VH,H,VH,VH,VH,VH,VH,VH,H,H,VH,VH,VH,H
H,H,VH,VH,VH,VH,VH,VH,VH,VH,VH,VH,H,VH,VH
VH,VH,VH,VH,VH,VH,VH,VH,VH,H,VH,VH,VH,VH,VH
H,H,VH,H,H,VH,VH,VH,VH,VH,VH,VH,H,VH,VH
M,M,VH,M,VH,H,VH,VH,VH,H,VH,VH,M,VH,H
M,M,VH,M,VH,VH,VH,VH,M,M,VH,M,M,H,H
VH,H,VH,VH,VH,VH,VH,VH,VH,VH,VH,VH,VH,VH,VH
M,M,VH,M,VH,VH,VH,VH,M,VH,VH,M,M,VH,VH
M,M,VH,VH,VH,VH,VH,VH,VH,M,VH,H,M,VH,M
M,M,VH,VH,H,H,VH,VH,VH,M,VH,VH,M,H,M
M,M,H,VH,VH,H,VH,H,H,H,VH,VH,M,VH,VH
H,H,VH,H,VH,VH,VH,VH,H,H,H,H,H,VH,H
M,M,M,M,VH,VH,VH,VH,M,H,H,M,H,VH,H
H,H,H,H,H,H,H,H,VH,H,VH,VH,H,H,H
VH,H,H,VH,VH,H,VH,H,H,H,H,H,VH,VH,H
H,H,M,H,H,H,H,H,M,M,M,M,H,H,H
VH,VH,H,VH,M,H,M,H,H,H,H,H,VH,M,H
H,H,VH,H,H,VH,H,VH,VH,H,H,H,H,H,H
H,H,H,H,H,H,H,H,H,H,M,H,H,H,H
M,M,VH,M,L,H,L,L,VH,H,H,H,M,L,H
H,VH,VH,H,H,VH,H,VH,VH,VH,VH,VH,H,H,VH
VH,VH,VH,VH,VH,VH,VH,VH,VH,VH,H,VH,VH,VH,VH
M,M,H,VH,VH,M,VH,VH,VH,M,M,M,M,M,M
H,H,H,H,H,H,H,H,VH,H,H,VH,H,H,H
L,L,L,L,L,L,VH,VH,VH,VH,M,L,VH,VH,VH
H,VH,VH,H,VH,VH,H,H,VH,H,M,H,H,H,H
VH,H,M,H,M,M,VH,VH,M,H,M,M,H,M,H
M,M,M,M,M,M,M,VH,M,M,VH,M,M,VH,VH
VH,VH,VH,VH,VH,VH,VH,VH,VH,VH,VH,VH,VH,VH,VH
VH,VH,M,VH,M,VH,M,VH,VH,VH,VH,VH,M,M,M
VH,VH,VH,M,M,M,M,M,M,VH,L,VH,M,M,M
M,M,M,VH,H,M,H,M,M,M,M,M,M,H,M
H,H,H,H,H,L,H,L,H,H,L,H,H,VH,VH
H,H,H,H,H,H,H,H,VH,VH,VH,VH,VH,VH,VH
M,M,VH,VH,VH,M,M,M,VH,VH,H,M,M,M,M
H,H,H,VH,H,VH,VH,VH,VH,H,VH,H,H,H,H
H,H,H,VH,VH,VH,VH,VH,VH,H,VH,H,H,H,H
M,M,M,M,M,M,M,M,M,M,M,M,M,M,M
H,H,H,VH,H,VH,H,VH,H,H,H,VH,H,VH,VH
VH,VH,VH,VH,VH,VH,VH,H,VH,VH,H,VH,VH,H,VH
VH,VH,H,VH,VH,VH,VH,VH,VH,H,H,VH,VH,VH,H
H,H,VH,H,VH,VH,VH,VH,VH,VH,VH,VH,H,VH,VH
VH,VH,VH,VH,VH,VH,VH,VH,VH,VH,VH,VH,VH,VH,VH
H,H,VH,H,VH,VH,VH,VH,VH,VH,VH,VH,H,VH,VH
VH,M,L,VH,VH,VH,VH,VH,VH,H,VH,VH,M,VH,H
VH,VH,L,VH,VH,VH,VH,VH,M,M,L,M,M,H,H
VH,H,VH,VH,VH,VH,VH,VH,VH,VH,VH,VH,VH,VH,VH
VH,M,L,M,VH,VH,VH,VH,M,VH,VH,M,M,VH,VH
VH,M,H,VH,VH,VH,VH,VH,H,M,L,H,M,VH,M
VH,M,VH,VH,VH,H,VH,H,VH,M,H,M,M,H,M
M,M,H,VH,VH,H,VH,H,H,VH,L,H,M,VH,H
H,H,VH,H,VH,VH,VH,VH,H,VH,H,H,H,VH,H
M,M,M,M,VH,VH,VH,VH,M,H,H,M,M,VH,H
H,H,H,H,H,VH,H,H,VH,VH,VH,VH,H,H,H
VH,H,H,VH,VH,H,VH,H,H,H,H,H,VH,VH,H
H,H,M,H,VH,VH,H,H,VH,M,M,VH,H,H,M
VH,VH,H,VH,M,H,M,H,H,VH,H,H,VH,M,H
H,H,VH,VH,H,VH,H,VH,VH,H,H,VH,H,H,H
H,H,VH,VH,H,H,H,H,H,VH,M,H,H,H,H
M,M,VH,M,VH,H,VH,VH,VH,H,H,VH,M,L,H
H,H,H,H,H,VH,H,VH,VH,VH,VH,VH,H,H,VH
VH,VH,VH,VH,VH,VH,VH,VH,VH,VH,H,VH,VH,VH,VH
M,M,H,M,M,M,M,M,M,M,M,M,M,M,M
VH,VH,VH,VH,H,VH,H,H,VH,H,H,VH,VH,VH,H
VH,VH,VH,VH,VH,VH,VH,VH,VH,VH,M,L,VH,VH,VH
VH,VH,VH,H,VH,H,VH,VH,VH,H,M,H,VH,VH,VH
H,H,M,VH,VH,VH,M,VH,M,H,M,M,H,M,H
M,M,M,VH,M,VH,M,VH,VH,VH,L,M,M,M,M
VH,VH,VH,VH,VH,VH,VH,VH,VH,VH,VH,VH,VH,VH,VH
M,M,VH,VH,VH,M,VH,M,M,M,VH,VH,M,M,VH
VH,VH,VH,VH,VH,VH,VH,VH,VH,M,VH,VH,M,VH,VH
M,M,M,M,VH,M,H,VH,VH,M,VH,M,VH,H,M
H,H,VH,VH,VH,VH,VH,L,H,H,VH,H,H,VH,H
H,VH,M,M,H,M,VH,VH,VH,VH,VH,H,VH,H,VH
VH,M,VH,H,M,VH,M,H,VH,M,VH,VH,M,VH,VH
